study_id,archive,deposit_via,status,title,version,version_date,doi,url
38506,ICPSR,legacy,published,"National Neighborhood Data Archive (NaNDA): Voter Registration, Turnout, and Partisanship by County, United States, 2004-2022",V2,10/14/2024,10.3886/ICPSR38506.v2,https://www.icpsr.umich.edu/sites/icpsr/view/studies/38506
38528,ICPSR,legacy,published,"National Neighborhood Data Archive (NaNDA): Socioeconomic Status and Demographic Characteristics of Census Tracts and ZIP Code Tabulation Areas, United States, 1990-2022",V6,10/27/2025,10.3886/ICPSR38528.v6,https://www.openicpsr.org/openicpsr/project/38528/version/V6/view
38559,ICPSR,legacy,published,"National Neighborhood Data Archive (NaNDA): Internet Access by Census Tract and ZIP Code Tabulation Area, United States, 2015-2019",V1,9/29/2022,10.3886/ICPSR38559.v1,https://www.icpsr.umich.edu/sites/icpsr/view/studies/38559
38567,ICPSR,legacy,published,"National Neighborhood Data Archive (NaNDA): Broadband Internet Availability, Speed, and Adoption by Census Tract and ZIP Code Tabulation Area, United States, 2014-2020",V1,11/14/2022,10.3886/ICPSR38567.v1,https://www.icpsr.umich.edu/sites/icpsr/view/studies/38567
38569,ICPSR,legacy,published,"National Neighborhood Data Archive (NaNDA): School District Characteristics and School Counts by Census Tract, ZIP Code Tabulation Area, and School District, 2000-2018",V1,10/10/2022,10.3886/ICPSR38569.v1,https://www.icpsr.umich.edu/sites/icpsr/view/studies/38569
38579,ICPSR,legacy,published,"National Neighborhood Data Archive (NaNDA): Neighborhood-School Gap by Census Tract and ZIP Code Tabulation Area, United States, 2009-2010 and 2015-2016",V2,11/14/2022,10.3886/ICPSR38579.v2,https://www.icpsr.umich.edu/sites/icpsr/view/studies/38579
38580,ICPSR,legacy,published,"National Neighborhood Data Archive (NaNDA): Street Connectivity by Census Tract and ZIP Code Tabulation Area, United States, 2010 and 2020",V3,11/19/2025,10.3886/ICPSR38580.v3,https://www.icpsr.umich.edu/sites/icpsr/view/studies/38580
38584,ICPSR,legacy,published,"National Neighborhood Data Archive (NaNDA): Traffic Volume by Census Tract and ZIP Code Tabulation Area, United States, 1963-2019",V2,11/10/2022,10.3886/ICPSR38584.v2,https://www.icpsr.umich.edu/sites/icpsr/view/studies/38584
38585,ICPSR,legacy,published,"National Neighborhood Data Archive (NaNDA): Primary and Secondary Roads by Census Tract and ZIP Code Tabulation Area, United States, 2010 and 2020",V2,5/20/2024,10.3886/ICPSR38585.v2,https://www.icpsr.umich.edu/sites/icpsr/view/studies/38585
38586,ICPSR,legacy,published,"National Neighborhood Data Archive (NaNDA): Parks by Census Tract and ZIP Code Tabulation Area, United States, 2018 and 2022",V2,11/29/2023,10.3886/ICPSR38586.v2,https://www.icpsr.umich.edu/sites/icpsr/view/studies/38586
38597,ICPSR,legacy,published,"National Neighborhood Data Archive (NaNDA): Polluting Sites by Census Tract and ZIP Code Tabulation Area, United States, 1987-2021",V2,12/4/2023,10.3886/ICPSR38597.v2,https://www.icpsr.umich.edu/sites/icpsr/view/studies/38597
38598,ICPSR,legacy,published,"National Neighborhood Data Archive (NaNDA): Land Cover by Census Tract and ZIP Code Tabulation Area, United States, 1985-2023",V2,4/7/2025,10.3886/ICPSR38598.v2,https://www.icpsr.umich.edu/sites/icpsr/view/studies/38598
38605,ICPSR,legacy,published,"National Neighborhood Data Archive (NaNDA): Public Transit Stops by Census Tract and ZIP Code Tabulation Area, United States, 2016-2018 and 2024",V2,12/11/2024,10.3886/ICPSR38605.v2,https://www.icpsr.umich.edu/sites/icpsr/view/studies/38605
38606,ICPSR,legacy,published,"National Neighborhood Data Archive (NaNDA): Urbanicity by Census Tract, United States, 2010",V1,12/12/2022,10.3886/ICPSR38606.v1,https://www.icpsr.umich.edu/sites/icpsr/view/studies/38606
38649,ICPSR,legacy,published,"National Neighborhood Data Archive (NaNDA): Crimes by County, United States, 2002-2014",V1,1/30/2023,10.3886/ICPSR38649.v1,https://www.icpsr.umich.edu/sites/icpsr/view/studies/38649
38858,ICPSR,legacy,published,"National Neighborhood Data Archive (NaNDA): Weather by County, United States, 2003-2016",V1,9/14/2023,10.3886/ICPSR38858.v1,https://www.icpsr.umich.edu/sites/icpsr/view/studies/38858
38974,ICPSR,legacy,published,"National Neighborhood Data Archive (NaNDA): Essential Workers by Census Tract and ZIP Code Tabulation Area, United States, 2016-2020",V1,1/16/2024,10.3886/ICPSR38974.v1,https://www.icpsr.umich.edu/sites/icpsr/view/studies/38974
39093,ICPSR,legacy,published,"National Neighborhood Data Archive (NaNDA): Home Mortgage Disclosure Act Longitudinal Dataset by Census Tract, United States, 1981-2021",V2,9/12/2024,10.3886/ICPSR39093.v2,https://www.icpsr.umich.edu/sites/icpsr/view/studies/39093
39378,ICPSR,legacy,published,"National Neighborhood Data Archive (NaNDA): Hospitals by Census Tract and ZIP Code Tabulation Area, United States, 2023",V1,5/22/2025,10.3886/ICPSR39378.v1,https://www.icpsr.umich.edu/sites/icpsr/view/studies/39378
110663,openICPSR,legacy,published,"National Neighborhood Data Archive (NaNDA): Land Cover by Census Tract, United States, 2001-2016",V1.0,9/11/2019,10.3886/E110663V10,https://www.openicpsr.org/openicpsr/project/110663/version/V1/view
120088,openICPSR,legacy,published,National Neighborhood Data Archive (NaNDA): Code for merging ZCTA level datasets with the UDS Mapper ZIP code to ZCTA crosswalk,V2.1,3/10/2021,10.3886/E120088V21,https://www.icpsr.umich.edu/sites/icpsr/view/studies/120088
127681,openICPSR,legacy,published,"National Neighborhood Data Archive (NaNDA):  Education and Training Services by Census Tract, United States, 2003-2017",V1.4,12/7/2020,10.3886/E127681V14,https://www.icpsr.umich.edu/sites/icpsr/view/studies/127681
127682,openICPSR,legacy,published,"National Neighborhood Data Archive (NaNDA): Education and Training Services by ZIP Code Tabulation Area, United States, 2003-2017",V1.4,12/7/2020,10.3886/E127682V14,https://www.icpsr.umich.edu/sites/icpsr/view/studies/127682
141121,openICPSR,legacy,published,"Historic Redlining Indicator for 2000, 2010, and 2020 US Census Tracts",V3.6,9/25/2023,10.3886/E141121V36,https://www.icpsr.umich.edu/sites/icpsr/view/studies/141121
190141,openICPSR,legacy,published,National Neighborhood Data Archive (NaNDA): Special Data Release for Neighborhood Context and Alzheimer's Disease and Related Dementias,V1.1,5/11/2023,10.3886/E190141V11,https://www.icpsr.umich.edu/sites/icpsr/view/studies/190141
200038,openICPSR,RDE,published,"National Neighborhood Data Archive (NaNDA): Libraries by Census Tract and ZIP Code Tabulation Area, United States, 1992-2021",V5.0,11/5/2025,10.3886/ICPSR200038.V5,https://www.icpsr.umich.edu/sites/nanda/view/studies/200038/versions/V5.0
207966,openICPSR,legacy,published,"National Neighborhood Data Archive (NaNDA): Civic, Social, and Religious Organizations by Census Tract and ZCTA, United States, 1990-2022",V2.2,4/7/2026,10.3886/E207966V22,https://www.icpsr.umich.edu/sites/icpsr/view/studies/207966
208207,openICPSR,legacy,published,"National Neighborhood Data Archive (NaNDA): Social Services by Census Tract and ZCTA, United States, 1990-2022",V5.1,4/8/2026,10.3886/E208207V51,https://www.icpsr.umich.edu/sites/icpsr/view/studies/208207
208366,openICPSR,legacy,published,"National Neighborhood Data Archive (NaNDA): Post Offices and Banks by Census Tract and ZCTA, United States, 1990-2022",V2.2,2/11/2026,10.3886/E208366V22,https://www.icpsr.umich.edu/sites/icpsr/view/studies/208366
208682,openICPSR,legacy,published,"National Neighborhood Data Archive (NaNDA): Retail Establishments by Census Tract and ZCTA, United States, 1990-2022",V2.0,4/9/2026,10.3886/E208682V20,https://www.icpsr.umich.edu/sites/icpsr/view/studies/208682
208684,openICPSR,legacy,published,"National Neighborhood Data Archive (NaNDA): Law Enforcement by Census Tract and ZCTA, United States, 1990-2022",V2.2,4/7/2026,10.3886/E208684V22,https://www.icpsr.umich.edu/sites/icpsr/view/studies/208684
208751,openICPSR,legacy,published,"National Neighborhood Data Archive (NaNDA): Eating and Drinking Places by Census Tract and ZCTA, United States, 1990-2022",V2.0,4/8/2026,10.3886/E208751V20,https://www.icpsr.umich.edu/sites/icpsr/view/studies/208751
208906,openICPSR,legacy,published,"National Neighborhood Data Archive (NaNDA): Personal Care Services and Laundry by Census Tract and ZCTA, United States, 1990-2022",V2.3,4/8/2026,10.3886/E208906V23,https://www.icpsr.umich.edu/sites/icpsr/view/studies/208906
208907,openICPSR,legacy,published,"National Neighborhood Data Archive (NaNDA): Liquor, Tobacco, Cannabis, Vape, and Convenience Stores by Census Tract and ZCTA, United States, 1990-2022",V2.0,4/9/2026,10.3886/E208907V20,https://www.icpsr.umich.edu/sites/icpsr/view/studies/208907
209050,openICPSR,legacy,published,"National Neighborhood Data Archive (NaNDA): Healthcare Services by Census Tract and ZCTA, United States, 1990-2022",V2.1,3/31/2026,10.3886/E209050V21,https://www.icpsr.umich.edu/sites/icpsr/view/studies/209050
209163,openICPSR,legacy,published,"National Neighborhood Data Archive (NaNDA): Arts, Entertainment, and Leisure Establishments by Census Tract and ZCTA, United States, 1990-2022",V3.0,4/17/2026,10.3886/E209163V30,https://www.icpsr.umich.edu/sites/icpsr/view/studies/209163
209164,openICPSR,legacy,published,"National Neighborhood Data Archive (NaNDA): Recreational Establishments by Census Tract and ZCTA, United States, 1990-2022",V3.0,4/9/2026,10.3886/E209164V30,https://www.icpsr.umich.edu/sites/icpsr/view/studies/209164
209313,openICPSR,legacy,published,"National Neighborhood Data Archive (NaNDA): Grocery and Food Stores by Census Tract and ZCTA, United States, 1990-2022",V2.0,4/8/2026,10.3886/E209313V20,https://www.icpsr.umich.edu/sites/icpsr/view/studies/209313
209324,openICPSR,legacy,published,"National Neighborhood Data Archive (NaNDA): Dollar Stores by Census Tract and ZCTA, United States, 1990-2022",V2.1,3/31/2026,10.3886/E209324V21,https://www.icpsr.umich.edu/sites/icpsr/view/studies/209324
210581,openICPSR,legacy,published,"National Neighborhood Data Archive (NaNDA): Standardized Area Deprivation Index (ADI) by Census Block Group, United States, 2015, 2020 and 2022",V1.9,11/8/2024,10.3886/E210581V19,https://www.icpsr.umich.edu/sites/icpsr/view/studies/210581
220701,openICPSR,legacy,published,"National Neighborhood Data Archive (NaNDA): Land Cover by Census Tract and ZIP Code Tabulation Area, United States, 1985- 2023",V1.4,2/25/2025,10.3886/E220701V14,https://www.icpsr.umich.edu/sites/icpsr/view/studies/220701
222263,openICPSR,legacy,published,"National Neighborhood Data Archive (NaNDA): Ophthalmologists by Census Tract and ZCTA, United States, 1990-2021",V1.2,3/10/2025,10.3886/E222263V12,https://www.icpsr.umich.edu/sites/icpsr/view/studies/222263
222901,openICPSR,legacy,published,"National Neighborhood Data Archive (NaNDA): Hospitals by Census Tract and ZCTA, 2023",V1.3,3/14/2025,10.3886/E222901V13,https://www.icpsr.umich.edu/sites/icpsr/view/studies/222901
230941,openICPSR,legacy,published,"National Neighborhood Data Archive (NaNDA): PRISM Climate of Census Tracts, United States, 1981-2024",V2.5,8/4/2025,10.3886/E230941V25,https://www.icpsr.umich.edu/sites/icpsr/view/studies/230941
237305,openICPSR,legacy,published,"National Neighborhood Data Archive: Air Conditioning Probability by Census Tract, United States, 2016",V1.1,8/21/2025,10.3886/E237305V11,https://www.icpsr.umich.edu/sites/icpsr/view/studies/237305
301419,openICPSR,RDE,published,"National Neighborhood Data Archive (NaNDA): Essential Businesses in Census Tracts or ZIP Code Tabulation Areas, United States, 2020",V1.1,1/12/2026,10.3886/E301419V11,https://www.icpsr.umich.edu/sites/icpsr/view/studies/301419
302178,openICPSR,RDE,published,"National Neighborhood Data Archive (NaNDA): Essential Workers by Census Tract and ZIP Code Tabulation Area, United States, 2018-2022",V1.0,1/29/2026,10.3886/E302178V10,https://www.icpsr.umich.edu/sites/icpsr/view/studies/302178
302343,openICPSR,RDE,published,"National Neighborhood Data Archive (NaNDA): Training and Vocation Schools by Census Tract and ZCTA, United States, 1990-2022",V1,,10.3886/ICPSR302343.v1,https://www.icpsr.umich.edu/sites/icpsr/view/studies/302343
302937,openICPSR,RDE,published,"National Neighborhood Data Archive (NaNDA): Broadband Availability by Census Tract and ZIP Code Tabulation Area (ZCTA), United States, 2025. ",V1,,10.3886/ICPSR302937.v1,https://www.icpsr.umich.edu/sites/icpsr/view/studies/302937
110641,openICPSR,legacy,unpublished,"National Neighborhood Data Archive (NaNDA): Street Connectivity by Census Tract, United States, 2010",V1,,10.3886/E110641V1,https://www.openicpsr.org/openicpsr/project/110641/version/V1/view
111107,openICPSR,legacy,unpublished,"National Neighborhood Data Archive (NaNDA): Neighborhood Socioeconomic and Demographic Characteristics of Census Tracts, United States, 2000-2010",V1,,10.3886/E111107V1,https://www.openicpsr.org/openicpsr/project/111107/version/V1/view
111109,openICPSR,legacy,unpublished,"National Neighborhood Data Archive (NaNDA): Public Transit Stops by Census Tract, United States, 2016-2018",V1,,10.3886/E111109V1,https://www.openicpsr.org/openicpsr/project/111109/version/V1/view
115006,openICPSR,legacy,unpublished,"National Neighborhood Data Archive (NaNDA): Crimes by County, United States, 2002-2014",V1,,10.3886/E115006V1,https://www.openicpsr.org/openicpsr/project/115006/version/V1/view
115323,openICPSR,legacy,unpublished,"National Neighborhood Data Archive (NaNDA): Fast-Food Restaurants by Census Tract, United States, 2006-2015",V1,,10.3886/E115323V1,https://www.openicpsr.org/openicpsr/project/115323/version/V1/view
115404,openICPSR,legacy,unpublished,"National Neighborhood Data Archive (NaNDA): Eating and Drinking Places by Census Tract, United States, 2003-2017",V1,,10.3886/E115404V1,https://www.openicpsr.org/openicpsr/project/115404/version/V1/view
115407,openICPSR,legacy,unpublished,"National Neighborhood Data Archive (NaNDA): Religious Organizations by Census Tract, United States, 2006-2015",V1,,10.3886/E115407V1,https://www.openicpsr.org/openicpsr/project/115407/version/V1/view
115408,openICPSR,legacy,unpublished,"National Neighborhood Data Archive (NaNDA): Civic and Social Organizations by Census Tract, United States, 2006-2015",V1,,10.3886/E115408V1,https://www.openicpsr.org/openicpsr/project/115408/version/V1/view
115543,openICPSR,legacy,unpublished,"National Neighborhood Data Archive (NaNDA):  Arts, Entertainment, and Recreation Organizations by Census Tract, United States, 2003-2017",V1,,10.3886/E115543V1,https://www.openicpsr.org/openicpsr/project/115543/version/V1/view
115967,openICPSR,legacy,unpublished,"National Neighborhood Data Archive (NaNDA):  Religious, Civic, and Social Organizations by Census Tract, United States, 2003-2017",V1,,10.3886/E115967V1,https://www.openicpsr.org/openicpsr/project/115967/version/V1/view
115972,openICPSR,legacy,unpublished,"National Neighborhood Data Archive (NaNDA):  Retail Establishments by Census Tract, United States, 2003-2017",V1,,10.3886/E115972V1,https://www.openicpsr.org/openicpsr/project/115972/version/V1/view
115973,openICPSR,legacy,unpublished,"National Neighborhood Data Archive (NaNDA):  Law Enforcement Organizations by Census Tract, United States, 2003-2017",V1,,10.3886/E115973V1,https://www.openicpsr.org/openicpsr/project/115973/version/V1/view
115981,openICPSR,legacy,unpublished,"National Neighborhood Data Archive (NaNDA):  Personal Care Services and Laundromats by Census Tract, United States, 2003-2017",V1,,10.3886/E115981V1,https://www.openicpsr.org/openicpsr/project/115981/version/V1/view
117163,openICPSR,legacy,unpublished,"National Neighborhood Data Archive (NaNDA): Social Services by Census Tract, United States, 2003-2017",V1,,10.3886/E117163V1,https://www.openicpsr.org/openicpsr/project/117163/version/V1/view
117866,openICPSR,legacy,unpublished,"National Neighborhood Data Archive (NaNDA): Broadband Internet Availability, Speed, and Adoption by Census Tract, United States, 2014-2020",V1,,10.3886/E117866V1,https://www.openicpsr.org/openicpsr/project/117866/version/V1/view
117921,openICPSR,legacy,unpublished,"National Neighborhood Data Archive (NaNDA): Parks by Census Tract, United States, 2018",V1,,10.3886/E117921V1,https://www.openicpsr.org/openicpsr/project/117921/version/V1/view
119451,openICPSR,legacy,unpublished,"National Neighborhood Data Archive (NaNDA):  Socioeconomic Status and Demographic Characteristics of Census Tracts, United States, 2008-2017",V1,,10.3886/E119451V1,https://www.openicpsr.org/openicpsr/project/119451/version/V1/view
119803,openICPSR,legacy,unpublished,"National Neighborhood Data Archive (NaNDA): Parks by ZIP Code Tabulation Area, United States, 2018",V1,,10.3886/E119803V1,https://www.openicpsr.org/openicpsr/project/119803/version/V1/view
120462,openICPSR,legacy,unpublished,"National Neighborhood Data Archive (NaNDA): Socioeconomic Status and Demographic Characteristics of ZIP Code Tabulation Areas, United States, 2008-2017",V1,,10.3886/E120462V1,https://www.openicpsr.org/openicpsr/project/120462/version/V1/view
120463,openICPSR,legacy,unpublished,"National Neighborhood Data Archive (NaNDA): Health Care Services by ZIP Code Tabulation Area, United States, 2003-2017",V1,,10.3886/E120463V1,https://www.openicpsr.org/openicpsr/project/120463/version/V1/view
120907,openICPSR,legacy,unpublished,"National Neighborhood Data Archive (NaNDA): Health Care Services by Census Tract, United States, 2003-2017",V1,,10.3886/E120907V1,https://www.openicpsr.org/openicpsr/project/120907/version/V1/view
121741,openICPSR,legacy,unpublished,"National Neighborhood Data Archive (NaNDA): Eating and Drinking Places by ZIP Code Tabulation Area, United States, 2003-2017",V1,,10.3886/E121741V1,https://www.openicpsr.org/openicpsr/project/121741/version/V1/view
123001,openICPSR,legacy,unpublished,"National Neighborhood Data Archive (NaNDA): Grocery Stores by Census Tract, United States, 2003-2017",V1,,10.3886/E123001V1,https://www.openicpsr.org/openicpsr/project/123001/version/V1/view
123042,openICPSR,legacy,unpublished,"National Neighborhood Data Archive (NaNDA): Grocery Stores by ZIP Code Tabulation Area, United States, 2003-2017",V1,,10.3886/E123042V1,https://www.openicpsr.org/openicpsr/project/123042/version/V1/view
123541,openICPSR,legacy,unpublished,"National Neighborhood Data Archive (NaNDA): Liquor, Tobacco, and Convenience Stores by Census Tract, United States, 2003-2017",V1,,10.3886/E123541V1,https://www.openicpsr.org/openicpsr/project/123541/version/V1/view
123542,openICPSR,legacy,unpublished,"National Neighborhood Data Archive (NaNDA): Liquor, Tobacco, and Convenience Stores by ZIP Code Tabulation Area, United States, 2003-2017",V1,,10.3886/E123542V1,https://www.openicpsr.org/openicpsr/project/123542/version/V1/view
123801,openICPSR,legacy,unpublished,"National Neighborhood Data Archive (NaNDA): Dollar Stores by ZIP Code Tabulation Area, United States, 2003-2017",V1,,10.3886/E123801V1,https://www.openicpsr.org/openicpsr/project/123801/version/V1/view
123802,openICPSR,legacy,unpublished,"National Neighborhood Data Archive (NaNDA): Dollar Stores by Census Tract, United States, 2003-2017",V1,,10.3886/E123802V1,https://www.openicpsr.org/openicpsr/project/123802/version/V1/view
124721,openICPSR,legacy,unpublished,"National Neighborhood Data Archive (NaNDA): Religious, Civic, and Social Organizations by ZIP Code Tabulation Area, United States, 2003-2017",V1,,10.3886/E124721V1,https://www.openicpsr.org/openicpsr/project/124721/version/V1/view
124801,openICPSR,legacy,unpublished,"National Neighborhood Data Archive (NaNDA): Law Enforcement Organizations by ZIP Code Tabulation Area, United States, 2003-2017",V1,,10.3886/E124801V1,https://www.openicpsr.org/openicpsr/project/124801/version/V1/view
125223,openICPSR,legacy,unpublished,"National Neighborhood Data Archive (NaNDA): Arts, Entertainment, and Recreation Organizations by ZIP Code Tabulation Area, United States, 2003-2017",V1,,10.3886/E125223V1,https://www.openicpsr.org/openicpsr/project/125223/version/V1/view
125781,openICPSR,legacy,unpublished,"National Neighborhood Data Archive (NaNDA): Voter Registration, Turnout, and Partisanship by County, United States, 2004-2018",V1,,10.3886/E125781V1,https://www.openicpsr.org/openicpsr/project/125781/version/V1/view
126082,openICPSR,legacy,unpublished,"National Neighborhood Data Archive (NaNDA): Social Services by ZIP Code Tabulation Area, United States, 2003-2017",V1,,10.3886/E126082V1,https://www.openicpsr.org/openicpsr/project/126082/version/V1/view
127042,openICPSR,legacy,unpublished,"National Neighborhood Data Archive (NaNDA): Retail Establishments by ZIP Code Tabulation Area, United States, 2003-2017",V1,,10.3886/E127042V1,https://www.openicpsr.org/openicpsr/project/127042/version/V1/view
127262,openICPSR,legacy,unpublished,"National Neighborhood Data Archive (NaNDA): Personal Care Services and Laundromats by ZIP Code Tabulation Area, United States, 2003-2017",V1,,10.3886/E127262V1,https://www.openicpsr.org/openicpsr/project/127262/version/V1/view
128281,openICPSR,legacy,unpublished,"National Neighborhood Data Archive (NaNDA):  Post Offices and Banks by Census Tract, United States, 2003-2017",V1,,10.3886/E128281V1,https://www.openicpsr.org/openicpsr/project/128281/version/V1/view
128282,openICPSR,legacy,unpublished,"National Neighborhood Data Archive (NaNDA): Post Offices and Banks by ZIP Code Tabulation Area, United States, 2003-2017",V1,,10.3886/E128282V1,https://www.openicpsr.org/openicpsr/project/128282/version/V1/view
128841,openICPSR,legacy,unpublished,"National Neighborhood Data Archive (NaNDA): Broadband Internet Availability and Speed by ZIP Code Tabulation Area, United States, 2014-2020",V1,,10.3886/E128841V1,https://www.openicpsr.org/openicpsr/project/128841/version/V1/view
128862,openICPSR,legacy,unpublished,"National Neighborhood Data Archive (NaNDA): Land Cover by ZIP Code Tabulation Area, United States, 2001-2016",V1,,10.3886/E128862V1,https://www.openicpsr.org/openicpsr/project/128862/version/V1/view
130282,openICPSR,legacy,unpublished,"National Neighborhood Data Archive (NaNDA): Public Transit Stops by ZIP Code Tabulation Area, United States, 2016-2018",V1,,10.3886/E130282V1,https://www.openicpsr.org/openicpsr/project/130282/version/V1/view
130542,openICPSR,legacy,unpublished,"National Neighborhood Data Archive (NaNDA): Urbanicity by Census Tract, United States, 2010",V1,,10.3886/E130542V1,https://www.openicpsr.org/openicpsr/project/130542/version/V1/view
134561,openICPSR,legacy,unpublished,"National Neighborhood Data Archive (NaNDA): Street Connectivity by ZIP Code Tabulation Area, United States, 2010",V1,,10.3886/E134561V1,https://www.openicpsr.org/openicpsr/project/134561/version/V1/view
155022,openICPSR,legacy,unpublished,"National Neighborhood Data Archive (NaNDA): Internet Access by Census Tract, United States, 2015-2019",V1,,10.3886/E155022V1,https://www.openicpsr.org/openicpsr/project/155022/version/V1/view
155025,openICPSR,legacy,unpublished,"National Neighborhood Data Archive (NaNDA): Internet Access by ZIP Code Tabulation Area, United States, 2015-2019",V1,,10.3886/E155025V1,https://www.openicpsr.org/openicpsr/project/155025/version/V1/view
156024,openICPSR,legacy,unpublished,"National Neighborhood Data Archive (NaNDA): School Counts by Census Tract, United States, 2000-2018",V1,,10.3886/E156024V1,https://www.openicpsr.org/openicpsr/project/156024/version/V1/view
156041,openICPSR,legacy,unpublished,"National Neighborhood Data Archive (NaNDA): School Counts by ZIP Code Tabulation Area, United States, 2000-2018",V1,,10.3886/E156041V1,https://www.openicpsr.org/openicpsr/project/156041/version/V1/view
156042,openICPSR,legacy,unpublished,"National Neighborhood Data Archive (NaNDA): School Counts and Characteristics by School District, United States, 2000-2018",V1,,10.3886/E156042V1,https://www.openicpsr.org/openicpsr/project/156042/version/V1/view
156043,openICPSR,legacy,unpublished,"National Neighborhood Data Archive (NaNDA): Neighborhood-School Gap by Census Tract, United States, 2009-2010 and 2015-2016",V1,,10.3886/E156043V1,https://www.openicpsr.org/openicpsr/project/156043/version/V1/view
156045,openICPSR,legacy,unpublished,"National Neighborhood Data Archive (NaNDA): Neighborhood-School Gap by ZIP Code Tabulation Area, United States, 2009-2010 and 2015-2016",V1,,10.3886/E156045V1,https://www.openicpsr.org/openicpsr/project/156045/version/V1/view
159902,openICPSR,legacy,unpublished,"National Neighborhood Data Archive (NaNDA): Primary and Secondary Roads by Census Tract, United States, 2010",V1,,10.3886/E159902V1,https://www.openicpsr.org/openicpsr/project/159902/version/V1/view
159941,openICPSR,legacy,unpublished,"National Neighborhood Data Archive (NaNDA): Primary and Secondary Roads by ZIP Code Tabulation Area, United States, 2010",V1,,10.3886/E159941V1,https://www.openicpsr.org/openicpsr/project/159941/version/V1/view
159961,openICPSR,legacy,unpublished,"National Neighborhood Data Archive (NaNDA): Polluting Sites by Census Tract, United States, 2000-2018",V1,,10.3886/E159961V1,https://www.openicpsr.org/openicpsr/project/159961/version/V1/view
159981,openICPSR,legacy,unpublished,"National Neighborhood Data Archive (NaNDA): Polluting Sites by ZIP Code Tabulation Area, United States, 2000-2018",V1,,10.3886/E159981V1,https://www.openicpsr.org/openicpsr/project/159981/version/V1/view
160261,openICPSR,legacy,unpublished,"National Neighborhood Data Archive (NaNDA): Traffic Volume by ZIP Code Tabulation Area, United States, 1963-2019",V1,,10.3886/E160261V1,https://www.openicpsr.org/openicpsr/project/160261/version/V1/view
160262,openICPSR,legacy,unpublished,"National Neighborhood Data Archive (NaNDA): Traffic Volume by Census Tract, United States, 1963-2019",V1,,10.3886/E160262V1,https://www.openicpsr.org/openicpsr/project/160262/version/V1/view
