study_id,year,month,data_downloads,documentation_downloads,total_downloads,timestamp
38506,2022,9,13,39,52,2026-05-13 10:54:26
38506,2022,10,9,38,47,2026-05-13 10:54:26
38506,2022,11,13,36,49,2026-05-13 10:54:26
38506,2022,12,3,8,11,2026-05-13 10:54:26
38506,2023,1,5,16,21,2026-05-13 10:54:26
38506,2023,2,4,10,14,2026-05-13 10:54:26
38506,2023,3,8,31,39,2026-05-13 10:54:26
38506,2023,4,27,66,93,2026-05-13 10:54:26
38506,2023,5,5,17,22,2026-05-13 10:54:26
38506,2023,6,7,19,26,2026-05-13 10:54:26
38506,2023,7,1,2,3,2026-05-13 10:54:26
38506,2023,8,1,6,7,2026-05-13 10:54:26
38506,2023,9,4,11,15,2026-05-13 10:54:26
38506,2023,10,12,26,38,2026-05-13 10:54:26
38506,2023,11,5,15,20,2026-05-13 10:54:26
38506,2023,12,7,17,24,2026-05-13 10:54:26
38506,2024,1,9,29,38,2026-05-13 10:54:26
38506,2024,2,9,25,34,2026-05-13 10:54:26
38506,2024,3,20,49,69,2026-05-13 10:54:26
38506,2024,4,23,57,80,2026-05-13 10:54:26
38506,2024,5,25,59,84,2026-05-13 10:54:26
38506,2024,6,6,15,21,2026-05-13 10:54:26
38506,2024,7,9,27,36,2026-05-13 10:54:26
38506,2024,8,9,22,31,2026-05-13 10:54:26
38506,2024,9,18,53,71,2026-05-13 10:54:26
38506,2024,10,41,138,179,2026-05-13 10:54:26
38506,2024,11,43,148,191,2026-05-13 10:54:26
38506,2024,12,24,76,100,2026-05-13 10:54:26
38506,2025,1,23,80,103,2026-05-13 10:54:26
38506,2025,2,51,168,219,2026-05-13 10:54:26
38506,2025,3,77,252,329,2026-05-13 10:54:26
38506,2025,4,86,284,370,2026-05-13 10:54:26
38506,2025,5,31,101,132,2026-05-13 10:54:26
38506,2025,6,36,117,153,2026-05-13 10:54:26
38506,2025,7,37,127,164,2026-05-13 10:54:26
38506,2025,8,20,64,84,2026-05-13 10:54:26
38506,2025,9,31,109,140,2026-05-13 10:54:26
38506,2025,10,60,223,283,2026-05-13 10:54:26
38506,2025,11,61,204,265,2026-05-13 10:54:26
38506,2025,12,49,151,200,2026-05-13 10:54:26
38506,2026,1,34,111,145,2026-05-13 10:54:26
38506,2026,2,38,133,171,2026-05-13 10:54:26
38506,2026,3,53,181,234,2026-05-13 10:54:26
38506,2026,4,68,222,290,2026-05-13 10:54:26
38506,2026,5,12,38,50,2026-05-13 10:54:26
38528,2022,9,9,37,46,2026-05-13 10:54:26
38528,2022,10,19,48,67,2026-05-13 10:54:26
38528,2022,11,15,38,53,2026-05-13 10:54:26
38528,2022,12,19,41,60,2026-05-13 10:54:26
38528,2023,1,13,44,57,2026-05-13 10:54:26
38528,2023,2,27,55,82,2026-05-13 10:54:26
38528,2023,3,19,51,70,2026-05-13 10:54:26
38528,2023,4,68,140,208,2026-05-13 10:54:26
38528,2023,5,45,122,167,2026-05-13 10:54:26
38528,2023,6,41,115,156,2026-05-13 10:54:26
38528,2023,7,72,160,232,2026-05-13 10:54:26
38528,2023,8,41,131,172,2026-05-13 10:54:26
38528,2023,9,41,100,141,2026-05-13 10:54:26
38528,2023,10,50,139,189,2026-05-13 10:54:26
38528,2023,11,76,154,230,2026-05-13 10:54:26
38528,2023,12,1070,1132,2202,2026-05-13 10:54:26
38528,2024,1,213,324,537,2026-05-13 10:54:26
38528,2024,2,142,350,492,2026-05-13 10:54:26
38528,2024,3,103,296,399,2026-05-13 10:54:26
38528,2024,4,98,229,327,2026-05-13 10:54:26
38528,2024,5,135,316,451,2026-05-13 10:54:26
38528,2024,6,102,250,352,2026-05-13 10:54:26
38528,2024,7,51,118,169,2026-05-13 10:54:26
38528,2024,8,61,141,202,2026-05-13 10:54:26
38528,2024,9,120,281,401,2026-05-13 10:54:26
38528,2024,10,127,505,632,2026-05-13 10:54:26
38528,2024,11,116,428,544,2026-05-13 10:54:26
38528,2024,12,54,185,239,2026-05-13 10:54:26
38528,2025,1,199,645,844,2026-05-13 10:54:26
38528,2025,2,132,494,626,2026-05-13 10:54:26
38528,2025,3,211,768,979,2026-05-13 10:54:26
38528,2025,4,231,722,953,2026-05-13 10:54:26
38528,2025,5,139,489,628,2026-05-13 10:54:26
38528,2025,6,159,549,708,2026-05-13 10:54:26
38528,2025,7,183,569,752,2026-05-13 10:54:26
38528,2025,8,113,391,504,2026-05-13 10:54:26
38528,2025,9,140,508,648,2026-05-13 10:54:26
38528,2025,10,209,679,888,2026-05-13 10:54:26
38528,2025,11,183,562,745,2026-05-13 10:54:26
38528,2025,12,85,300,385,2026-05-13 10:54:26
38528,2026,1,181,562,743,2026-05-13 10:54:26
38528,2026,2,155,529,684,2026-05-13 10:54:26
38528,2026,3,161,575,736,2026-05-13 10:54:26
38528,2026,4,144,436,580,2026-05-13 10:54:26
38528,2026,5,67,193,260,2026-05-13 10:54:26
38559,2022,9,0,8,8,2026-05-13 10:54:26
38559,2022,10,11,26,37,2026-05-13 10:54:26
38559,2022,12,3,7,10,2026-05-13 10:54:26
38559,2023,2,6,14,20,2026-05-13 10:54:26
38559,2023,3,4,16,20,2026-05-13 10:54:26
38559,2023,4,4,13,17,2026-05-13 10:54:26
38559,2023,5,4,8,12,2026-05-13 10:54:26
38559,2023,6,4,9,13,2026-05-13 10:54:26
38559,2023,7,8,16,24,2026-05-13 10:54:26
38559,2023,8,4,12,16,2026-05-13 10:54:26
38559,2023,9,3,10,13,2026-05-13 10:54:26
38559,2023,10,11,34,45,2026-05-13 10:54:26
38559,2023,11,5,11,16,2026-05-13 10:54:26
38559,2023,12,3,11,14,2026-05-13 10:54:26
38559,2024,1,11,23,34,2026-05-13 10:54:26
38559,2024,2,13,27,40,2026-05-13 10:54:26
38559,2024,3,17,41,58,2026-05-13 10:54:26
38559,2024,4,11,22,33,2026-05-13 10:54:26
38559,2024,5,24,48,72,2026-05-13 10:54:26
38559,2024,6,15,35,50,2026-05-13 10:54:26
38559,2024,7,2,4,6,2026-05-13 10:54:26
38559,2024,8,2,4,6,2026-05-13 10:54:26
38559,2024,9,2,6,8,2026-05-13 10:54:26
38559,2024,10,6,16,22,2026-05-13 10:54:26
38559,2024,11,11,26,37,2026-05-13 10:54:26
38559,2024,12,2,4,6,2026-05-13 10:54:26
38559,2025,1,9,19,28,2026-05-13 10:54:26
38559,2025,2,29,63,92,2026-05-13 10:54:26
38559,2025,3,7,18,25,2026-05-13 10:54:26
38559,2025,4,8,20,28,2026-05-13 10:54:26
38559,2025,5,3,6,9,2026-05-13 10:54:26
38559,2025,6,4,8,12,2026-05-13 10:54:26
38559,2025,7,4,8,12,2026-05-13 10:54:26
38559,2025,9,5,11,16,2026-05-13 10:54:26
38559,2025,10,5,10,15,2026-05-13 10:54:26
38559,2025,11,10,20,30,2026-05-13 10:54:26
38559,2026,1,3,7,10,2026-05-13 10:54:26
38559,2026,2,4,9,13,2026-05-13 10:54:26
38559,2026,3,4,8,12,2026-05-13 10:54:26
38559,2026,5,2,4,6,2026-05-13 10:54:26
38567,2022,11,2,5,7,2026-05-13 10:54:26
38567,2022,12,4,8,12,2026-05-13 10:54:26
38567,2023,1,17,49,66,2026-05-13 10:54:26
38567,2023,2,10,20,30,2026-05-13 10:54:26
38567,2023,3,6,12,18,2026-05-13 10:54:26
38567,2023,4,3,11,14,2026-05-13 10:54:26
38567,2023,5,4,8,12,2026-05-13 10:54:26
38567,2023,6,11,22,33,2026-05-13 10:54:26
38567,2023,7,14,31,45,2026-05-13 10:54:26
38567,2023,8,1,14,15,2026-05-13 10:54:26
38567,2023,9,6,20,26,2026-05-13 10:54:26
38567,2023,10,13,27,40,2026-05-13 10:54:26
38567,2023,11,2,4,6,2026-05-13 10:54:26
38567,2023,12,7,13,20,2026-05-13 10:54:26
38567,2024,1,12,26,38,2026-05-13 10:54:26
38567,2024,2,28,58,86,2026-05-13 10:54:26
38567,2024,3,20,45,65,2026-05-13 10:54:26
38567,2024,4,9,22,31,2026-05-13 10:54:26
38567,2024,5,39,80,119,2026-05-13 10:54:26
38567,2024,6,58,131,189,2026-05-13 10:54:26
38567,2024,7,6,13,19,2026-05-13 10:54:26
38567,2024,8,15,34,49,2026-05-13 10:54:26
38567,2024,9,9,19,28,2026-05-13 10:54:26
38567,2024,11,8,20,28,2026-05-13 10:54:26
38567,2024,12,6,12,18,2026-05-13 10:54:26
38567,2025,1,11,28,39,2026-05-13 10:54:26
38567,2025,2,16,32,48,2026-05-13 10:54:26
38567,2025,3,15,34,49,2026-05-13 10:54:26
38567,2025,4,11,24,35,2026-05-13 10:54:26
38567,2025,5,9,18,27,2026-05-13 10:54:26
38567,2025,6,10,22,32,2026-05-13 10:54:26
38567,2025,7,4,8,12,2026-05-13 10:54:26
38567,2025,8,6,12,18,2026-05-13 10:54:26
38567,2025,9,1,7,8,2026-05-13 10:54:26
38567,2025,10,26,53,79,2026-05-13 10:54:26
38567,2025,11,12,29,41,2026-05-13 10:54:26
38567,2025,12,4,8,12,2026-05-13 10:54:26
38567,2026,1,8,18,26,2026-05-13 10:54:26
38567,2026,2,5,14,19,2026-05-13 10:54:26
38567,2026,3,8,20,28,2026-05-13 10:54:26
38567,2026,4,6,12,18,2026-05-13 10:54:26
38567,2026,5,2,4,6,2026-05-13 10:54:26
38569,2022,10,12,30,42,2026-05-13 10:54:26
38569,2022,11,6,15,21,2026-05-13 10:54:26
38569,2022,12,3,7,10,2026-05-13 10:54:26
38569,2023,1,4,9,13,2026-05-13 10:54:26
38569,2023,2,11,23,34,2026-05-13 10:54:26
38569,2023,3,27,63,90,2026-05-13 10:54:26
38569,2023,4,18,50,68,2026-05-13 10:54:26
38569,2023,5,7,23,30,2026-05-13 10:54:26
38569,2023,7,3,6,9,2026-05-13 10:54:26
38569,2023,8,5,12,17,2026-05-13 10:54:26
38569,2023,9,4,8,12,2026-05-13 10:54:26
38569,2023,10,15,32,47,2026-05-13 10:54:26
38569,2023,11,13,32,45,2026-05-13 10:54:26
38569,2023,12,511,542,1053,2026-05-13 10:54:26
38569,2024,1,66,85,151,2026-05-13 10:54:26
38569,2024,2,18,36,54,2026-05-13 10:54:26
38569,2024,3,17,35,52,2026-05-13 10:54:26
38569,2024,4,9,31,40,2026-05-13 10:54:26
38569,2024,5,36,72,108,2026-05-13 10:54:26
38569,2024,6,7,18,25,2026-05-13 10:54:26
38569,2024,7,7,16,23,2026-05-13 10:54:26
38569,2024,8,3,6,9,2026-05-13 10:54:26
38569,2024,9,1,3,4,2026-05-13 10:54:26
38569,2024,10,0,12,12,2026-05-13 10:54:26
38569,2024,11,7,27,34,2026-05-13 10:54:26
38569,2024,12,3,6,9,2026-05-13 10:54:26
38569,2025,1,13,32,45,2026-05-13 10:54:26
38569,2025,2,31,68,99,2026-05-13 10:54:26
38569,2025,3,9,27,36,2026-05-13 10:54:26
38569,2025,4,23,53,76,2026-05-13 10:54:26
38569,2025,5,16,32,48,2026-05-13 10:54:26
38569,2025,6,4,8,12,2026-05-13 10:54:26
38569,2025,7,1,2,3,2026-05-13 10:54:26
38569,2025,9,6,12,18,2026-05-13 10:54:26
38569,2025,10,2,8,10,2026-05-13 10:54:26
38569,2025,11,1,3,4,2026-05-13 10:54:26
38569,2025,12,4,8,12,2026-05-13 10:54:26
38569,2026,1,4,8,12,2026-05-13 10:54:26
38569,2026,2,3,7,10,2026-05-13 10:54:26
38569,2026,3,9,20,29,2026-05-13 10:54:26
38569,2026,4,3,6,9,2026-05-13 10:54:26
38569,2026,5,3,6,9,2026-05-13 10:54:26
38579,2022,10,15,54,69,2026-05-13 10:54:26
38579,2022,11,10,32,42,2026-05-13 10:54:26
38579,2023,1,12,24,36,2026-05-13 10:54:26
38579,2023,2,22,56,78,2026-05-13 10:54:26
38579,2023,3,19,40,59,2026-05-13 10:54:26
38579,2023,4,19,72,91,2026-05-13 10:54:26
38579,2023,5,0,1,1,2026-05-13 10:54:26
38579,2023,8,2,5,7,2026-05-13 10:54:26
38579,2023,9,8,16,24,2026-05-13 10:54:26
38579,2023,10,6,12,18,2026-05-13 10:54:26
38579,2023,12,3,6,9,2026-05-13 10:54:26
38579,2024,1,12,24,36,2026-05-13 10:54:26
38579,2024,2,12,24,36,2026-05-13 10:54:26
38579,2024,3,48,122,170,2026-05-13 10:54:26
38579,2024,4,40,80,120,2026-05-13 10:54:26
38579,2024,5,48,96,144,2026-05-13 10:54:26
38579,2024,6,30,65,95,2026-05-13 10:54:26
38579,2024,7,14,32,46,2026-05-13 10:54:26
38579,2024,9,0,1,1,2026-05-13 10:54:26
38579,2024,10,0,13,13,2026-05-13 10:54:26
38579,2024,11,24,60,84,2026-05-13 10:54:26
38579,2024,12,12,24,36,2026-05-13 10:54:26
38579,2025,1,12,49,61,2026-05-13 10:54:26
38579,2025,2,36,72,108,2026-05-13 10:54:26
38579,2025,3,19,39,58,2026-05-13 10:54:26
38579,2025,4,40,88,128,2026-05-13 10:54:26
38579,2025,6,24,48,72,2026-05-13 10:54:26
38579,2025,10,6,12,18,2026-05-13 10:54:26
38579,2025,11,6,13,19,2026-05-13 10:54:26
38579,2025,12,6,12,18,2026-05-13 10:54:26
38579,2026,1,7,14,21,2026-05-13 10:54:26
38579,2026,2,12,25,37,2026-05-13 10:54:26
38579,2026,3,6,12,18,2026-05-13 10:54:26
38579,2026,5,6,12,18,2026-05-13 10:54:26
38580,2022,11,2,12,14,2026-05-13 10:54:26
38580,2023,1,2,11,13,2026-05-13 10:54:26
38580,2023,2,12,50,62,2026-05-13 10:54:26
38580,2023,3,32,65,97,2026-05-13 10:54:26
38580,2023,4,8,19,27,2026-05-13 10:54:26
38580,2023,5,0,8,8,2026-05-13 10:54:26
38580,2023,6,5,10,15,2026-05-13 10:54:26
38580,2023,7,4,8,12,2026-05-13 10:54:26
38580,2023,9,1,51,52,2026-05-13 10:54:26
38580,2023,10,2,8,10,2026-05-13 10:54:26
38580,2023,12,677,911,1588,2026-05-13 10:54:26
38580,2024,1,81,114,195,2026-05-13 10:54:26
38580,2024,2,20,52,72,2026-05-13 10:54:26
38580,2024,3,11,27,38,2026-05-13 10:54:26
38580,2024,4,19,47,66,2026-05-13 10:54:26
38580,2024,5,69,160,229,2026-05-13 10:54:26
38580,2024,6,35,109,144,2026-05-13 10:54:26
38580,2024,7,15,41,56,2026-05-13 10:54:26
38580,2024,8,10,20,30,2026-05-13 10:54:26
38580,2024,9,0,4,4,2026-05-13 10:54:26
38580,2024,10,21,44,65,2026-05-13 10:54:26
38580,2024,11,20,60,80,2026-05-13 10:54:26
38580,2024,12,9,30,39,2026-05-13 10:54:26
38580,2025,1,28,71,99,2026-05-13 10:54:26
38580,2025,2,40,89,129,2026-05-13 10:54:26
38580,2025,3,15,34,49,2026-05-13 10:54:26
38580,2025,4,36,89,125,2026-05-13 10:54:26
38580,2025,5,2,12,14,2026-05-13 10:54:26
38580,2025,6,11,34,45,2026-05-13 10:54:26
38580,2025,7,4,21,25,2026-05-13 10:54:26
38580,2025,8,5,22,27,2026-05-13 10:54:26
38580,2025,9,5,18,23,2026-05-13 10:54:26
38580,2025,10,12,31,43,2026-05-13 10:54:26
38580,2025,11,0,8,8,2026-05-13 10:54:26
38580,2025,12,10,43,53,2026-05-13 10:54:26
38580,2026,1,40,115,155,2026-05-13 10:54:26
38580,2026,2,14,35,49,2026-05-13 10:54:26
38580,2026,3,25,68,93,2026-05-13 10:54:26
38580,2026,4,13,35,48,2026-05-13 10:54:26
38580,2026,5,6,16,22,2026-05-13 10:54:26
38584,2022,11,0,8,8,2026-05-13 10:54:26
38584,2022,12,3,7,10,2026-05-13 10:54:26
38584,2023,1,3,10,13,2026-05-13 10:54:26
38584,2023,2,2,4,6,2026-05-13 10:54:26
38584,2023,3,14,28,42,2026-05-13 10:54:26
38584,2023,4,6,12,18,2026-05-13 10:54:26
38584,2023,7,8,17,25,2026-05-13 10:54:26
38584,2023,8,2,4,6,2026-05-13 10:54:26
38584,2023,9,7,42,49,2026-05-13 10:54:26
38584,2023,10,9,20,29,2026-05-13 10:54:26
38584,2023,11,16,47,63,2026-05-13 10:54:26
38584,2023,12,31,39,70,2026-05-13 10:54:26
38584,2024,1,10,21,31,2026-05-13 10:54:26
38584,2024,2,21,58,79,2026-05-13 10:54:26
38584,2024,3,16,33,49,2026-05-13 10:54:26
38584,2024,4,19,39,58,2026-05-13 10:54:26
38584,2024,5,44,97,141,2026-05-13 10:54:26
38584,2024,6,14,29,43,2026-05-13 10:54:26
38584,2024,7,18,38,56,2026-05-13 10:54:26
38584,2024,8,5,10,15,2026-05-13 10:54:26
38584,2024,9,12,27,39,2026-05-13 10:54:26
38584,2024,10,2,5,7,2026-05-13 10:54:26
38584,2024,11,24,53,77,2026-05-13 10:54:26
38584,2024,12,13,27,40,2026-05-13 10:54:26
38584,2025,1,12,29,41,2026-05-13 10:54:26
38584,2025,2,21,47,68,2026-05-13 10:54:26
38584,2025,3,34,72,106,2026-05-13 10:54:26
38584,2025,4,20,43,63,2026-05-13 10:54:26
38584,2025,5,20,41,61,2026-05-13 10:54:26
38584,2025,6,9,28,37,2026-05-13 10:54:26
38584,2025,7,20,40,60,2026-05-13 10:54:26
38584,2025,8,6,12,18,2026-05-13 10:54:26
38584,2025,9,10,26,36,2026-05-13 10:54:26
38584,2025,10,11,23,34,2026-05-13 10:54:26
38584,2025,11,34,93,127,2026-05-13 10:54:26
38584,2025,12,15,35,50,2026-05-13 10:54:26
38584,2026,1,14,33,47,2026-05-13 10:54:26
38584,2026,2,11,31,42,2026-05-13 10:54:26
38584,2026,3,16,35,51,2026-05-13 10:54:26
38584,2026,4,9,20,29,2026-05-13 10:54:26
38584,2026,5,4,8,12,2026-05-13 10:54:26
38585,2022,11,1,6,7,2026-05-13 10:54:26
38585,2023,3,1,2,3,2026-05-13 10:54:26
38585,2023,7,2,5,7,2026-05-13 10:54:26
38585,2023,9,1,26,27,2026-05-13 10:54:26
38585,2023,12,110,113,223,2026-05-13 10:54:26
38585,2024,1,6,13,19,2026-05-13 10:54:26
38585,2024,2,6,20,26,2026-05-13 10:54:26
38585,2024,3,4,8,12,2026-05-13 10:54:26
38585,2024,4,2,4,6,2026-05-13 10:54:26
38585,2024,5,53,108,161,2026-05-13 10:54:26
38585,2024,6,19,41,60,2026-05-13 10:54:26
38585,2024,7,4,8,12,2026-05-13 10:54:26
38585,2024,8,8,16,24,2026-05-13 10:54:26
38585,2024,9,8,20,28,2026-05-13 10:54:26
38585,2024,10,12,42,54,2026-05-13 10:54:26
38585,2024,11,4,9,13,2026-05-13 10:54:26
38585,2025,1,16,32,48,2026-05-13 10:54:26
38585,2025,2,32,72,104,2026-05-13 10:54:26
38585,2025,3,13,27,40,2026-05-13 10:54:26
38585,2025,4,26,52,78,2026-05-13 10:54:26
38585,2025,5,0,16,16,2026-05-13 10:54:26
38585,2025,6,0,1,1,2026-05-13 10:54:26
38585,2025,7,6,12,18,2026-05-13 10:54:26
38585,2025,8,4,16,20,2026-05-13 10:54:26
38585,2025,9,2,13,15,2026-05-13 10:54:26
38585,2025,10,21,44,65,2026-05-13 10:54:26
38585,2025,11,12,32,44,2026-05-13 10:54:26
38585,2025,12,4,8,12,2026-05-13 10:54:26
38585,2026,1,25,60,85,2026-05-13 10:54:26
38585,2026,2,4,9,13,2026-05-13 10:54:26
38585,2026,3,9,19,28,2026-05-13 10:54:26
38585,2026,4,2,6,8,2026-05-13 10:54:26
38585,2026,5,4,9,13,2026-05-13 10:54:26
38586,2022,12,0,4,4,2026-05-13 10:54:26
38586,2023,1,3,16,19,2026-05-13 10:54:26
38586,2023,2,7,14,21,2026-05-13 10:54:26
38586,2023,3,20,46,66,2026-05-13 10:54:26
38586,2023,4,18,36,54,2026-05-13 10:54:26
38586,2023,5,8,16,24,2026-05-13 10:54:26
38586,2023,6,6,12,18,2026-05-13 10:54:26
38586,2023,7,8,16,24,2026-05-13 10:54:26
38586,2023,8,5,14,19,2026-05-13 10:54:26
38586,2023,9,9,21,30,2026-05-13 10:54:26
38586,2023,10,7,14,21,2026-05-13 10:54:26
38586,2023,11,17,39,56,2026-05-13 10:54:26
38586,2023,12,309,341,650,2026-05-13 10:54:26
38586,2024,1,13,43,56,2026-05-13 10:54:26
38586,2024,2,54,125,179,2026-05-13 10:54:26
38586,2024,3,44,90,134,2026-05-13 10:54:26
38586,2024,4,80,189,269,2026-05-13 10:54:26
38586,2024,5,75,175,250,2026-05-13 10:54:26
38586,2024,6,34,77,111,2026-05-13 10:54:26
38586,2024,7,26,54,80,2026-05-13 10:54:26
38586,2024,8,18,38,56,2026-05-13 10:54:26
38586,2024,9,28,59,87,2026-05-13 10:54:26
38586,2024,10,23,82,105,2026-05-13 10:54:26
38586,2024,11,36,90,126,2026-05-13 10:54:26
38586,2024,12,40,82,122,2026-05-13 10:54:26
38586,2025,1,51,115,166,2026-05-13 10:54:26
38586,2025,2,83,190,273,2026-05-13 10:54:26
38586,2025,3,53,114,167,2026-05-13 10:54:26
38586,2025,4,39,93,132,2026-05-13 10:54:26
38586,2025,5,39,85,124,2026-05-13 10:54:26
38586,2025,6,35,72,107,2026-05-13 10:54:26
38586,2025,7,35,72,107,2026-05-13 10:54:26
38586,2025,8,19,50,69,2026-05-13 10:54:26
38586,2025,9,32,81,113,2026-05-13 10:54:26
38586,2025,10,51,132,183,2026-05-13 10:54:26
38586,2025,11,35,89,124,2026-05-13 10:54:26
38586,2025,12,39,95,134,2026-05-13 10:54:26
38586,2026,1,45,92,137,2026-05-13 10:54:26
38586,2026,2,78,170,248,2026-05-13 10:54:26
38586,2026,3,91,186,277,2026-05-13 10:54:26
38586,2026,4,73,164,237,2026-05-13 10:54:26
38586,2026,5,13,27,40,2026-05-13 10:54:26
38597,2022,11,2,4,6,2026-05-13 10:54:26
38597,2022,12,1,2,3,2026-05-13 10:54:26
38597,2023,1,6,16,22,2026-05-13 10:54:26
38597,2023,2,8,29,37,2026-05-13 10:54:26
38597,2023,3,10,25,35,2026-05-13 10:54:26
38597,2023,4,8,16,24,2026-05-13 10:54:26
38597,2023,5,2,4,6,2026-05-13 10:54:26
38597,2023,6,2,4,6,2026-05-13 10:54:26
38597,2023,7,2,4,6,2026-05-13 10:54:26
38597,2023,8,6,17,23,2026-05-13 10:54:26
38597,2023,9,5,34,39,2026-05-13 10:54:26
38597,2023,10,9,21,30,2026-05-13 10:54:26
38597,2023,11,5,10,15,2026-05-13 10:54:26
38597,2023,12,632,672,1304,2026-05-13 10:54:26
38597,2024,1,96,130,226,2026-05-13 10:54:26
38597,2024,2,12,32,44,2026-05-13 10:54:26
38597,2024,3,44,98,142,2026-05-13 10:54:26
38597,2024,4,24,50,74,2026-05-13 10:54:26
38597,2024,5,58,126,184,2026-05-13 10:54:26
38597,2024,6,8,29,37,2026-05-13 10:54:26
38597,2024,7,16,42,58,2026-05-13 10:54:26
38597,2024,8,12,24,36,2026-05-13 10:54:26
38597,2024,9,1,3,4,2026-05-13 10:54:26
38597,2024,10,4,8,12,2026-05-13 10:54:26
38597,2024,11,76,163,239,2026-05-13 10:54:26
38597,2024,12,18,44,62,2026-05-13 10:54:26
38597,2025,1,38,86,124,2026-05-13 10:54:26
38597,2025,2,29,58,87,2026-05-13 10:54:26
38597,2025,3,12,24,36,2026-05-13 10:54:26
38597,2025,4,14,31,45,2026-05-13 10:54:26
38597,2025,5,32,64,96,2026-05-13 10:54:26
38597,2025,6,9,18,27,2026-05-13 10:54:26
38597,2025,7,14,29,43,2026-05-13 10:54:26
38597,2025,8,5,12,17,2026-05-13 10:54:26
38597,2025,9,19,38,57,2026-05-13 10:54:26
38597,2025,10,25,59,84,2026-05-13 10:54:26
38597,2025,11,3,6,9,2026-05-13 10:54:26
38597,2025,12,21,43,64,2026-05-13 10:54:26
38597,2026,1,33,68,101,2026-05-13 10:54:26
38597,2026,2,26,53,79,2026-05-13 10:54:26
38597,2026,3,35,72,107,2026-05-13 10:54:26
38597,2026,4,29,59,88,2026-05-13 10:54:26
38597,2026,5,12,24,36,2026-05-13 10:54:26
38598,2022,12,4,16,20,2026-05-13 10:54:26
38598,2023,1,6,13,19,2026-05-13 10:54:26
38598,2023,2,9,18,27,2026-05-13 10:54:26
38598,2023,3,1,2,3,2026-05-13 10:54:26
38598,2023,5,2,4,6,2026-05-13 10:54:26
38598,2023,6,4,12,16,2026-05-13 10:54:26
38598,2023,7,3,8,11,2026-05-13 10:54:26
38598,2023,8,2,21,23,2026-05-13 10:54:26
38598,2023,9,3,14,17,2026-05-13 10:54:26
38598,2023,10,9,19,28,2026-05-13 10:54:26
38598,2023,11,9,25,34,2026-05-13 10:54:26
38598,2023,12,290,297,587,2026-05-13 10:54:26
38598,2024,1,42,48,90,2026-05-13 10:54:26
38598,2024,2,17,42,59,2026-05-13 10:54:26
38598,2024,3,15,35,50,2026-05-13 10:54:26
38598,2024,4,13,29,42,2026-05-13 10:54:26
38598,2024,5,24,53,77,2026-05-13 10:54:26
38598,2024,6,4,13,17,2026-05-13 10:54:26
38598,2024,7,7,17,24,2026-05-13 10:54:26
38598,2024,8,4,10,14,2026-05-13 10:54:26
38598,2024,9,5,11,16,2026-05-13 10:54:26
38598,2024,10,7,16,23,2026-05-13 10:54:26
38598,2024,11,10,25,35,2026-05-13 10:54:26
38598,2024,12,0,2,2,2026-05-13 10:54:26
38598,2025,1,14,29,43,2026-05-13 10:54:26
38598,2025,2,37,97,134,2026-05-13 10:54:26
38598,2025,3,1,6,7,2026-05-13 10:54:26
38598,2025,4,11,48,59,2026-05-13 10:54:26
38598,2025,5,25,74,99,2026-05-13 10:54:26
38598,2025,6,35,93,128,2026-05-13 10:54:26
38598,2025,7,29,76,105,2026-05-13 10:54:26
38598,2025,8,19,46,65,2026-05-13 10:54:26
38598,2025,9,27,74,101,2026-05-13 10:54:26
38598,2025,10,36,116,152,2026-05-13 10:54:26
38598,2025,11,52,134,186,2026-05-13 10:54:26
38598,2025,12,28,70,98,2026-05-13 10:54:26
38598,2026,1,37,96,133,2026-05-13 10:54:26
38598,2026,2,26,84,110,2026-05-13 10:54:26
38598,2026,3,50,124,174,2026-05-13 10:54:26
38598,2026,4,20,51,71,2026-05-13 10:54:26
38598,2026,5,18,46,64,2026-05-13 10:54:26
38605,2023,1,4,9,13,2026-05-13 10:54:26
38605,2023,2,5,14,19,2026-05-13 10:54:26
38605,2023,3,12,26,38,2026-05-13 10:54:26
38605,2023,4,2,8,10,2026-05-13 10:54:26
38605,2023,7,6,12,18,2026-05-13 10:54:26
38605,2023,8,1,2,3,2026-05-13 10:54:26
38605,2023,9,3,15,18,2026-05-13 10:54:26
38605,2023,10,6,12,18,2026-05-13 10:54:26
38605,2023,11,2,4,6,2026-05-13 10:54:26
38605,2023,12,1,3,4,2026-05-13 10:54:26
38605,2024,1,6,12,18,2026-05-13 10:54:26
38605,2024,2,16,46,62,2026-05-13 10:54:26
38605,2024,3,18,40,58,2026-05-13 10:54:26
38605,2024,4,9,18,27,2026-05-13 10:54:26
38605,2024,5,29,64,93,2026-05-13 10:54:26
38605,2024,6,35,78,113,2026-05-13 10:54:26
38605,2024,7,17,36,53,2026-05-13 10:54:26
38605,2024,8,9,20,29,2026-05-13 10:54:26
38605,2024,9,0,2,2,2026-05-13 10:54:26
38605,2024,10,7,22,29,2026-05-13 10:54:26
38605,2024,11,33,75,108,2026-05-13 10:54:26
38605,2024,12,21,63,84,2026-05-13 10:54:26
38605,2025,1,27,81,108,2026-05-13 10:54:26
38605,2025,2,35,105,140,2026-05-13 10:54:26
38605,2025,3,49,147,196,2026-05-13 10:54:26
38605,2025,4,17,51,68,2026-05-13 10:54:26
38605,2025,5,5,15,20,2026-05-13 10:54:26
38605,2025,6,8,27,35,2026-05-13 10:54:26
38605,2025,7,13,39,52,2026-05-13 10:54:26
38605,2025,8,21,75,96,2026-05-13 10:54:26
38605,2025,9,31,105,136,2026-05-13 10:54:26
38605,2025,10,19,57,76,2026-05-13 10:54:26
38605,2025,11,32,110,142,2026-05-13 10:54:26
38605,2025,12,49,174,223,2026-05-13 10:54:26
38605,2026,1,35,146,181,2026-05-13 10:54:26
38605,2026,2,0,1,1,2026-05-13 10:54:26
38605,2026,3,31,104,135,2026-05-13 10:54:26
38605,2026,4,14,55,69,2026-05-13 10:54:26
38605,2026,5,8,26,34,2026-05-13 10:54:26
38606,2022,12,2,6,8,2026-05-13 10:54:26
38606,2023,1,1,2,3,2026-05-13 10:54:26
38606,2023,2,3,6,9,2026-05-13 10:54:26
38606,2023,3,15,31,46,2026-05-13 10:54:26
38606,2023,4,3,8,11,2026-05-13 10:54:26
38606,2023,5,1,2,3,2026-05-13 10:54:26
38606,2023,6,3,9,12,2026-05-13 10:54:26
38606,2023,7,2,6,8,2026-05-13 10:54:26
38606,2023,8,1,3,4,2026-05-13 10:54:26
38606,2023,9,3,8,11,2026-05-13 10:54:26
38606,2023,10,2,4,6,2026-05-13 10:54:26
38606,2023,11,3,6,9,2026-05-13 10:54:26
38606,2023,12,55,58,113,2026-05-13 10:54:26
38606,2024,1,6,12,18,2026-05-13 10:54:26
38606,2024,2,7,15,22,2026-05-13 10:54:26
38606,2024,3,12,25,37,2026-05-13 10:54:26
38606,2024,4,4,9,13,2026-05-13 10:54:26
38606,2024,5,14,31,45,2026-05-13 10:54:26
38606,2024,6,11,26,37,2026-05-13 10:54:26
38606,2024,7,6,12,18,2026-05-13 10:54:26
38606,2024,8,4,10,14,2026-05-13 10:54:26
38606,2024,9,1,3,4,2026-05-13 10:54:26
38606,2024,10,1,3,4,2026-05-13 10:54:26
38606,2024,11,2,6,8,2026-05-13 10:54:26
38606,2024,12,3,6,9,2026-05-13 10:54:26
38606,2025,1,5,13,18,2026-05-13 10:54:26
38606,2025,2,8,16,24,2026-05-13 10:54:26
38606,2025,3,5,10,15,2026-05-13 10:54:26
38606,2025,4,7,20,27,2026-05-13 10:54:26
38606,2025,5,1,3,4,2026-05-13 10:54:26
38606,2025,6,4,10,14,2026-05-13 10:54:26
38606,2025,7,15,31,46,2026-05-13 10:54:26
38606,2025,8,1,3,4,2026-05-13 10:54:26
38606,2025,9,2,8,10,2026-05-13 10:54:26
38606,2025,10,8,17,25,2026-05-13 10:54:26
38606,2025,11,5,14,19,2026-05-13 10:54:26
38606,2025,12,3,9,12,2026-05-13 10:54:26
38606,2026,1,3,7,10,2026-05-13 10:54:26
38606,2026,2,3,7,10,2026-05-13 10:54:26
38606,2026,3,3,6,9,2026-05-13 10:54:26
38606,2026,4,2,4,6,2026-05-13 10:54:26
38606,2026,5,1,2,3,2026-05-13 10:54:26
38649,2023,1,0,2,2,2026-05-13 10:54:26
38649,2023,2,4,10,14,2026-05-13 10:54:26
38649,2023,3,15,32,47,2026-05-13 10:54:26
38649,2023,4,5,16,21,2026-05-13 10:54:26
38649,2023,5,6,13,19,2026-05-13 10:54:26
38649,2023,6,3,7,10,2026-05-13 10:54:26
38649,2023,7,2,5,7,2026-05-13 10:54:26
38649,2023,8,1,2,3,2026-05-13 10:54:26
38649,2023,9,4,14,18,2026-05-13 10:54:26
38649,2023,10,15,36,51,2026-05-13 10:54:26
38649,2023,11,10,23,33,2026-05-13 10:54:26
38649,2023,12,595,608,1203,2026-05-13 10:54:26
38649,2024,1,29,35,64,2026-05-13 10:54:26
38649,2024,2,22,53,75,2026-05-13 10:54:26
38649,2024,3,8,20,28,2026-05-13 10:54:26
38649,2024,4,5,11,16,2026-05-13 10:54:26
38649,2024,5,20,38,58,2026-05-13 10:54:26
38649,2024,6,6,14,20,2026-05-13 10:54:26
38649,2024,7,4,10,14,2026-05-13 10:54:26
38649,2024,8,4,8,12,2026-05-13 10:54:26
38649,2024,9,5,11,16,2026-05-13 10:54:26
38649,2024,10,14,29,43,2026-05-13 10:54:26
38649,2024,11,15,35,50,2026-05-13 10:54:26
38649,2024,12,2,5,7,2026-05-13 10:54:26
38649,2025,1,14,35,49,2026-05-13 10:54:26
38649,2025,2,11,23,34,2026-05-13 10:54:26
38649,2025,3,10,22,32,2026-05-13 10:54:26
38649,2025,4,14,36,50,2026-05-13 10:54:26
38649,2025,5,1,4,5,2026-05-13 10:54:26
38649,2025,6,2,5,7,2026-05-13 10:54:26
38649,2025,7,6,12,18,2026-05-13 10:54:26
38649,2025,8,1,2,3,2026-05-13 10:54:26
38649,2025,9,4,10,14,2026-05-13 10:54:26
38649,2025,10,9,24,33,2026-05-13 10:54:26
38649,2025,11,12,27,39,2026-05-13 10:54:26
38649,2025,12,5,10,15,2026-05-13 10:54:26
38649,2026,1,4,10,14,2026-05-13 10:54:26
38649,2026,2,4,12,16,2026-05-13 10:54:26
38649,2026,3,5,17,22,2026-05-13 10:54:26
38649,2026,4,7,17,24,2026-05-13 10:54:26
38649,2026,5,1,2,3,2026-05-13 10:54:26
38858,2023,9,0,704,704,2026-05-13 10:54:26
38858,2023,10,650,996,1646,2026-05-13 10:54:26
38858,2023,11,745,758,1503,2026-05-13 10:54:26
38858,2023,12,2355,2275,4630,2026-05-13 10:54:26
38858,2024,1,284,402,686,2026-05-13 10:54:26
38858,2024,2,226,342,568,2026-05-13 10:54:26
38858,2024,3,436,556,992,2026-05-13 10:54:26
38858,2024,4,2,117,119,2026-05-13 10:54:26
38858,2024,5,755,764,1519,2026-05-13 10:54:26
38858,2024,6,276,282,558,2026-05-13 10:54:26
38858,2024,7,566,697,1263,2026-05-13 10:54:26
38858,2024,8,8,16,24,2026-05-13 10:54:26
38858,2024,9,112,114,226,2026-05-13 10:54:26
38858,2024,10,0,113,113,2026-05-13 10:54:26
38858,2024,11,336,341,677,2026-05-13 10:54:26
38858,2024,12,208,221,429,2026-05-13 10:54:26
38858,2025,1,227,230,457,2026-05-13 10:54:26
38858,2025,2,1146,1324,2470,2026-05-13 10:54:26
38858,2025,3,643,649,1292,2026-05-13 10:54:26
38858,2025,4,287,299,586,2026-05-13 10:54:26
38858,2025,5,112,115,227,2026-05-13 10:54:26
38858,2025,6,112,113,225,2026-05-13 10:54:26
38858,2025,7,56,57,113,2026-05-13 10:54:26
38858,2025,8,112,113,225,2026-05-13 10:54:26
38858,2025,9,12,16,28,2026-05-13 10:54:26
38858,2025,10,224,339,563,2026-05-13 10:54:26
38858,2025,11,112,114,226,2026-05-13 10:54:26
38858,2026,1,221,223,444,2026-05-13 10:54:26
38858,2026,2,224,227,451,2026-05-13 10:54:26
38858,2026,5,112,113,225,2026-05-13 10:54:26
38974,2024,1,3,11,14,2026-05-13 10:54:26
38974,2024,2,8,17,25,2026-05-13 10:54:26
38974,2024,3,8,16,24,2026-05-13 10:54:26
38974,2024,4,8,20,28,2026-05-13 10:54:26
38974,2024,5,25,45,70,2026-05-13 10:54:26
38974,2024,6,4,7,11,2026-05-13 10:54:26
38974,2024,7,2,3,5,2026-05-13 10:54:26
38974,2024,8,0,1,1,2026-05-13 10:54:26
38974,2024,9,2,3,5,2026-05-13 10:54:26
38974,2024,10,5,8,13,2026-05-13 10:54:26
38974,2024,11,4,10,14,2026-05-13 10:54:26
38974,2025,1,4,6,10,2026-05-13 10:54:26
38974,2025,2,24,40,64,2026-05-13 10:54:26
38974,2025,3,2,6,8,2026-05-13 10:54:26
38974,2025,4,1,6,7,2026-05-13 10:54:26
38974,2025,5,3,7,10,2026-05-13 10:54:26
38974,2025,6,6,9,15,2026-05-13 10:54:26
38974,2025,7,2,3,5,2026-05-13 10:54:26
38974,2025,11,2,4,6,2026-05-13 10:54:26
38974,2026,1,1,2,3,2026-05-13 10:54:26
38974,2026,2,2,5,7,2026-05-13 10:54:26
39093,2024,5,62,118,180,2026-05-13 10:54:26
39093,2024,6,34,72,106,2026-05-13 10:54:26
39093,2024,7,5,13,18,2026-05-13 10:54:26
39093,2024,8,5,8,13,2026-05-13 10:54:26
39093,2024,9,242,500,742,2026-05-13 10:54:26
39093,2024,10,50,297,347,2026-05-13 10:54:26
39093,2024,11,544,1489,2033,2026-05-13 10:54:26
39093,2024,12,152,606,758,2026-05-13 10:54:26
39093,2025,1,52,112,164,2026-05-13 10:54:26
39093,2025,2,554,1235,1789,2026-05-13 10:54:26
39093,2025,3,581,1621,2202,2026-05-13 10:54:26
39093,2025,4,331,772,1103,2026-05-13 10:54:26
39093,2025,5,408,957,1365,2026-05-13 10:54:26
39093,2025,6,192,494,686,2026-05-13 10:54:26
39093,2025,7,288,695,983,2026-05-13 10:54:26
39093,2025,8,312,911,1223,2026-05-13 10:54:26
39093,2025,9,557,1174,1731,2026-05-13 10:54:26
39093,2025,10,479,1105,1584,2026-05-13 10:54:26
39093,2025,11,332,678,1010,2026-05-13 10:54:26
39093,2025,12,143,577,720,2026-05-13 10:54:26
39093,2026,1,485,1292,1777,2026-05-13 10:54:26
39093,2026,2,282,689,971,2026-05-13 10:54:26
39093,2026,3,474,1075,1549,2026-05-13 10:54:26
39093,2026,4,562,1281,1843,2026-05-13 10:54:26
39093,2026,5,48,100,148,2026-05-13 10:54:26
39378,2025,5,12,36,48,2026-05-13 10:54:26
39378,2025,6,25,61,86,2026-05-13 10:54:26
39378,2025,7,13,57,70,2026-05-13 10:54:26
39378,2025,8,5,17,22,2026-05-13 10:54:26
39378,2025,9,3,18,21,2026-05-13 10:54:26
39378,2025,10,25,71,96,2026-05-13 10:54:26
39378,2025,11,15,45,60,2026-05-13 10:54:26
39378,2025,12,4,9,13,2026-05-13 10:54:26
39378,2026,1,25,68,93,2026-05-13 10:54:26
39378,2026,2,16,37,53,2026-05-13 10:54:26
39378,2026,3,41,104,145,2026-05-13 10:54:26
39378,2026,4,17,45,62,2026-05-13 10:54:26
39378,2026,5,12,28,40,2026-05-13 10:54:26
